<?xml version='1.0' encoding='UTF-8' standalone='yes' ?>
<survey lastId="1638" published="true" created="2025-04-11T05:31:15.293-07:00" modified="2025-04-11T05:31:24.920-07:00" collectearth:openPlanetMaps="false" collectearth:plotarea="0.25" collectearth:samplepoints="1" collect:target="CE" collectearth:openGEEApp="false" xsi:schemaLocation="http://www.openforis.org/idml/3.0  &#9;&#9;https://raw.github.com/openforis/ollect/master/collect-core/src/main/resources/idml3.xsd       &#9;&#9;http://www.openforis.org/collect/3.0/ui  &#9;&#9;https://raw.github.com/openforis/collect/master/collect-core/src/main/resources/idml3-ui.xsd" collect:collectVersion="4.0.97" xmlns="http://www.openforis.org/idml/3.0" xmlns:collect="http://www.openforis.org/collect/3.0/collect" xmlns:ui="http://www.openforis.org/collect/3.0/ui" xmlns:collectearth="http://www.openforis.org/collect/3.0/collectearth" xmlns:xsi="http://www.w3.org/2001/XMLSchema-instance">
  <project xml:lang="fr">Projet DEMO - remplissez avec le nom de votre projet</project>
  <project xml:lang="pt">Projeto DEMO - preencha com o nome do seu projeto</project>
  <project xml:lang="es">Proyecto DEMO - complete con el nombre de su proyecto</project>
  <project>Smallholder Irrigation Mapping</project>
  <uri>http://www.openforis.org/idm/irrigation_survey_3_6_published</uri>
  <description xml:lang="es">Esta es la encuesta estándar que contiene todos los atributos necesarios para que funcione una encuesta Collect Earth, además de algunos atributos de demostración que muestran las opciones para el diseño de la encuesta.

Puede generar el diseño de muestreo utilizando la aplicación Grid Generator GEE: https://collectearth.users.earthengine.app/view/collect-earth-grid-generator.

Los archivos CSV con las ubicaciones de las parcelas deben agregarse a la encuesta a través de la sección Archivos adjuntos (tipo de cuadrícula) debajo de este texto.
También puede agregar el archivo areas_per_attribute.csv para permitir los cálculos del área del factor de expansión del gráfico. Vea esto: https://openforis.support/questions/1061/assign-area-to-plots

Debe utilizar este texto de descripción para documentar los cambios que realice en la encuesta.

¡Use el botón VISTA PREVIA en la parte inferior de la página para ver el formulario a medida que lo edita!</description>
  <description xml:lang="pt">Este é o levantamento padrão que contém todos os atributos necessários para que um levantamento Collect Earth funcione, além de alguns atributos de demonstração que mostram as opções para o design do levantamento.

Você pode gerar o projeto de amostragem usando o Grid Generator GEE App: https://collectearth.users.earthengine.app/view/collect-earth-grid-generator.

Os arquivos CSV com as localizações das parcelas devem ser adicionados ao levantamento através da seção Arquivos anexados (tipo grade) abaixo deste texto.
Você também pode adicionar o arquivo areas_per_attribute.csv para permitir cálculos de área de fator de expansão de plotagem. Veja isto: https://openforis.support/questions/1061/assign-area-to-plots

Você deve usar este texto descritivo para documentar as alterações feitas na pesquisa.

Use o botão VISUALIZAR na parte inferior da página para visualizar o formulário enquanto o edita!</description>
  <description xml:lang="fr">Il s'agit de l'enquête standard qui contient tous les attributs nécessaires au bon fonctionnement d'une enquête Collect Earth, ainsi que des attributs de démonstration présentant les options de conception de l'enquête.

Vous pouvez générer le plan d'échantillonnage à l'aide de l'application Grid Generator GEE : https://collectearth.users.earthengine.app/view/collect-earth-grid-generator.

Les fichiers CSV avec les emplacements des parcelles doivent être ajoutés à l'enquête via la section Fichiers joints (type de grille) sous ce texte.
Vous pouvez également ajouter le fichier areas_per_attribute.csv pour permettre les calculs de surface du facteur d'expansion du tracé. Voir ceci : https://openforis.support/questions/1061/assign-area-to-plots

Vous devez utiliser ce texte de description pour documenter les modifications que vous apportez à l'enquête.

Utilisez le bouton PREVIEW en bas de la page pour voir le formulaire au fur et à mesure que vous le modifiez !</description>
  <description>This survey gathers information about landcover being smallholder dry season irrigation or not.</description>
  <language>en</language>
  <language>es</language>
  <language>fr</language>
  <language>pt</language>
  <applicationOptions>
    <options type="ui">
<n0:tabSet name="plot_tab_set" xmlns:n0="http://www.openforis.org/collect/3.0/ui">
  <n0:tab name="plot_tab">
    <n0:label>Image 1</n0:label>
    <n0:label xml:lang="es">Primera pesta&#241;a con preguntas CAMBIALO!</n0:label>
    <n0:label xml:lang="fr">Premier onglet avec des questions CHANGEZ-LE&#160;!</n0:label>
    <n0:label xml:lang="pt">Primeira aba com perguntas MUDE!</n0:label>
  </n0:tab>
  <n0:tab name="tab_1530">
    <n0:label>Image 2</n0:label>
  </n0:tab>
  <n0:tab name="tab_1536">
    <n0:label>Image 3</n0:label>
  </n0:tab>
  <n0:tab name="tab_1537">
    <n0:label>Image 4</n0:label>
  </n0:tab>
  <n0:tab name="tab_1538">
    <n0:label>Image 5</n0:label>
  </n0:tab>
  <n0:tab name="tab_1540">
    <n0:label>Image 6</n0:label>
  </n0:tab>
  <n0:tab name="tab_1541">
    <n0:label>Image 7</n0:label>
  </n0:tab>
  <n0:tab name="tab_1542">
    <n0:label>Image 8</n0:label>
  </n0:tab>
  <n0:tab name="tab_1583">
    <n0:label>Image 9</n0:label>
  </n0:tab>
  <n0:tab name="tab_1589">
    <n0:label>Image 10</n0:label>
  </n0:tab>
</n0:tabSet>
    </options>
  </applicationOptions>
  <codeLists>
    <list id="1301" name="sampling_design" lookup="ofc_sampling_design">
      <hierarchy>
        <level name="level1" />
        <level name="level2" />
        <level name="level3" />
      </hierarchy>
    </list>
    <list id="1420" name="certainty">
      <label type="item">Certainty</label>
      <codingScheme scope="local" />
      <items>
        <item id="1421">
          <code>1</code>
          <label>No</label>
          <description>No</description>
        </item>
        <item id="1422">
          <code>2</code>
          <label>Probably not</label>
          <description>Probably not</description>
        </item>
        <item id="1423">
          <code>3</code>
          <label>Maybe</label>
          <description>Maybe</description>
        </item>
        <item id="1424">
          <code>4</code>
          <label>Probably</label>
          <description>Probably</description>
        </item>
        <item id="1425">
          <code>5</code>
          <label>Yes</label>
          <description>Yes</description>
        </item>
      </items>
    </list>
    <list id="1436" name="year">
      <label type="item">Year? </label>
      <description>Which year are you labeling?</description>
      <codingScheme scope="local" />
      <items>
        <item id="1438">
          <code>2016</code>
          <label>2016</label>
        </item>
        <item id="1439">
          <code>2017</code>
          <label>2017</label>
        </item>
        <item id="1440">
          <code>2018</code>
          <label>2018</label>
        </item>
        <item id="1441">
          <code>2019</code>
          <label>2019</label>
        </item>
        <item id="1442">
          <code>2020</code>
          <label>2020</label>
        </item>
        <item id="1443">
          <code>2021</code>
          <label>2021</label>
        </item>
        <item id="1444">
          <code>2022</code>
          <label>2022</label>
        </item>
        <item id="1445">
          <code>2023</code>
          <label>2023</label>
        </item>
        <item id="1446">
          <code>2024</code>
          <label>2024</label>
        </item>
        <item id="1447">
          <code>2025</code>
          <label>2025</label>
        </item>
      </items>
    </list>
    <list id="1448" name="month">
      <label type="item">Month? </label>
      <description>Which month is your dry season label of?</description>
      <codingScheme scope="local" />
      <items>
        <item id="1449">
          <code>6</code>
          <label>6</label>
        </item>
        <item id="1450">
          <code>7</code>
          <label>7</label>
        </item>
        <item id="1451">
          <code>8</code>
          <label>8</label>
        </item>
        <item id="1452">
          <code>9</code>
          <label>9</label>
        </item>
        <item id="1453">
          <code>10</code>
          <label>10</label>
        </item>
      </items>
    </list>
    <list id="1576" name="uncertainty_reason">
      <label type="item">Uncertainty Reason</label>
      <codingScheme scope="local" />
      <items>
        <item id="1577">
          <code>ag_signs</code>
          <label>Unclear signs of agriculture</label>
        </item>
        <item id="1578">
          <code>slight_discolor</code>
          <label>Only slight discoloration</label>
        </item>
        <item id="1579">
          <code>uneven_discolor</code>
          <label>Uneven discoloration</label>
        </item>
        <item id="1580">
          <code>natural_discolor</code>
          <label>May naturally be discolored</label>
        </item>
        <item id="1581">
          <code>fishpond</code>
          <label>May be a fishpond</label>
        </item>
      </items>
    </list>
    <list id="1604" name="day">
      <label type="item">Day of the month</label>
      <codingScheme scope="local" />
      <items>
        <item id="1605">
          <code>1</code>
          <label>1</label>
        </item>
        <item id="1606">
          <code>2</code>
          <label>2</label>
        </item>
        <item id="1607">
          <code>3</code>
          <label>3</label>
        </item>
        <item id="1609">
          <code>4</code>
          <label>4</label>
        </item>
        <item id="1610">
          <code>5</code>
          <label>5</label>
        </item>
        <item id="1611">
          <code>6</code>
          <label>6</label>
        </item>
        <item id="1612">
          <code>7</code>
          <label>7</label>
        </item>
        <item id="1613">
          <code>8</code>
          <label>8</label>
        </item>
        <item id="1614">
          <code>9</code>
          <label>9</label>
        </item>
        <item id="1615">
          <code>10</code>
          <label>10</label>
        </item>
        <item id="1616">
          <code>11</code>
          <label>11</label>
        </item>
        <item id="1617">
          <code>12</code>
          <label>12</label>
        </item>
        <item id="1618">
          <code>13</code>
          <label>13</label>
        </item>
        <item id="1619">
          <code>14</code>
          <label>14</label>
        </item>
        <item id="1620">
          <code>15</code>
          <label>15</label>
        </item>
        <item id="1621">
          <code>16</code>
          <label>16</label>
        </item>
        <item id="1622">
          <code>17</code>
          <label>17</label>
        </item>
        <item id="1623">
          <code>18</code>
          <label>18</label>
        </item>
        <item id="1624">
          <code>19</code>
          <label>19</label>
        </item>
        <item id="1625">
          <code>20</code>
          <label>20</label>
        </item>
        <item id="1626">
          <code>21</code>
          <label>21</label>
        </item>
        <item id="1627">
          <code>22</code>
          <label>22</label>
        </item>
        <item id="1628">
          <code>23</code>
          <label>23</label>
        </item>
        <item id="1629">
          <code>24</code>
          <label>24</label>
        </item>
        <item id="1630">
          <code>25</code>
          <label>25</label>
        </item>
        <item id="1631">
          <code>26</code>
          <label>26</label>
        </item>
        <item id="1632">
          <code>27</code>
          <label>27</label>
        </item>
        <item id="1633">
          <code>28</code>
          <label>28</label>
        </item>
        <item id="1634">
          <code>29</code>
          <label>29</label>
        </item>
        <item id="1635">
          <code>30</code>
          <label>30</label>
        </item>
        <item id="1636">
          <code>31</code>
          <label>31</label>
        </item>
      </items>
    </list>
  </codeLists>
  <spatialReferenceSystems>
    <spatialReferenceSystem srid="EPSG:4326">
      <label xml:lang="en">EPSG:4326</label>
      <description xml:lang="en">EPSG:World Geodetic System 1984
				Horizontal component of 3D system. Used by the GPS satellite
				navigation system and for NATO military geodetic surveying.</description>
      <wkt><![CDATA[GEOGCS["WGS 84", 
			  DATUM["World Geodetic System 1984", 
			    SPHEROID["WGS 84", 6378137.0, 298.257223563, AUTHORITY["EPSG","7030"]], 
			    AUTHORITY["EPSG","6326"]], 
			  PRIMEM["Greenwich", 0.0, AUTHORITY["EPSG","8901"]], 
			  UNIT["degree", 0.017453292519943295], 
			  AXIS["Geodetic longitude", EAST], 
			  AXIS["Geodetic latitude", NORTH], 
			  AUTHORITY["EPSG","4326"]]]]>
      </wkt>
    </spatialReferenceSystem>
  </spatialReferenceSystems>
  <referenceDataSchema>
    <samplingPoint />
  </referenceDataSchema>
  <schema>
    <entity id="1" name="plot" ui:tab="plot_tab" ui:tabSet="plot_tab_set">
      <label type="instance">Plot</label>
      <label type="instance" xml:lang="es">Parcela</label>
      <label type="instance" xml:lang="fr">Parcelle</label>
      <text id="2" name="id" required="true" key="true" type="short">
        <label type="instance">Plot - Id</label>
        <label type="instance" xml:lang="es">Parcela - Id</label>
        <label type="instance" xml:lang="fr">Parcelle - ID</label>
        <label type="instance" xml:lang="pt">Parcela - Id</label>
        <description>Unique identifier of the plot in the Collect Earth database. 
This data comes from the CSV with the sampling-design.
It should be contained in the first column of the CSV with the column header "id".
DO NOT REMOVE!</description>
        <description xml:lang="fr">Identifiant unique de la parcelle dans la base de données Collect Earth.
Ces données proviennent du CSV avec le plan d'échantillonnage.
Il doit être contenu dans la première colonne du CSV avec l'en-tête de colonne "id".
NE PAS ENLEVER!</description>
        <description xml:lang="es">Identificador único de la parcela en la base de datos de Collect Earth.
Este dato proviene del CSV con el diseño de muestreo.
Debe estar contenido en la primera columna del CSV con el encabezado de columna "id".
¡NO QUITAR!</description>
        <description xml:lang="pt">Identificador exclusivo da parcela no banco de dados Collect Earth.
Esses dados vêm do CSV com o design de amostragem.
Deve estar contido na primeira coluna do CSV com o cabeçalho da coluna "id".
NÃO REMOVA!</description>
      </text>
      <coordinate id="3" name="location">
        <label type="instance">Plot - Central Point coordinates</label>
        <label type="instance" xml:lang="es">Parcela - Coordenadas del punto central</label>
        <label type="instance" xml:lang="fr">Parcelle - Coordonnées du point central</label>
        <label type="instance" xml:lang="pt">Parcela - Coordenadas do ponto central</label>
        <description>Central point coordinates of the plot used to generate the KML loaded in Google Earth. 
This data comes from the CSV with the sampling-design using the columns YCoordinate and XCoordinate.
DO NOT REMOVE!</description>
        <description xml:lang="es">Coordenadas del punto central de la trama utilizada para generar el KML cargado en Google Earth.
Estos datos provienen del CSV con el diseño de muestreo utilizando las columnas YCoordinate y XCoordinate.
¡NO QUITAR!</description>
        <description xml:lang="pt">Coordenadas do ponto central do gráfico usado para gerar o KML carregado no Google Earth.
Esses dados vêm do CSV com o design de amostragem usando as colunas YCoordinate e XCoordinate.
NÃO REMOVA!</description>
        <description xml:lang="fr">Coordonnées du point central du tracé utilisé pour générer le KML chargé dans Google Earth.
Ces données proviennent du CSV avec le plan d'échantillonnage utilisant les colonnes YCoordinate et XCoordinate.
NE PAS ENLEVER!</description>
      </coordinate>
      <text id="4" name="operator" type="short">
        <label type="instance">Plot - Operator</label>
        <label type="instance" xml:lang="es">Parcela - Operador</label>
        <label type="instance" xml:lang="fr">Parcelle - Opérateur</label>
        <label type="instance" xml:lang="pt">Parcela - Operador</label>
        <description>Internal attribute used by Collect Earth to record which interpreter assessed a plot.
The name of the interpreter comes from Collect Earth main window where the user needs to fill his/her operate identifier.

DO NOT REMOVE!</description>
        <description xml:lang="pt">Atributo interno usado pelo Collect Earth para registrar qual intérprete avaliou uma parcela.
O nome do intérprete vem da janela principal do Collect Earth onde o usuário precisa preencher seu identificador de operação.

NÃO REMOVA!</description>
        <description xml:lang="es">Atributo interno utilizado por Collect Earth para registrar qué intérprete evaluó una parcela.
El nombre del intérprete proviene de la ventana principal de Collect Earth, donde el usuario debe completar su identificador de operación.

¡NO QUITAR!</description>
        <description xml:lang="fr">Attribut interne utilisé par Collect Earth pour enregistrer quel interprète a évalué un tracé.
Le nom de l'interpréteur provient de la fenêtre principale de Collect Earth où l'utilisateur doit remplir son identifiant de fonctionnement.

NE PAS ENLEVER!</description>
      </text>
      <boolean id="8" name="actively_saved">
        <label type="instance">Plot - Actively saved by user (green tick)</label>
        <label type="instance" xml:lang="es">Parcela - guardado activamente por el usuario (marca verde)</label>
        <label type="instance" xml:lang="fr">Parcelle - Enregistré activement par l'utilisateur (coche verte)</label>
        <label type="instance" xml:lang="pt">Parcela - salvo ativamente pelo usuário (marca verde)</label>
        <description>Internal attribute used by Collect Earth to track if a plot has been fully assessed and has no validation issues.
If the user starts filling the data of a plot without fully answering all the questions this value will be FALSE (0)
When the user fills the data on the Google Earth balloon and finally clicks on the send button,, and if the plots attributes validation rules are passes, this value becomes TRUE (1) and the user sees a GREEN TICK on the list of plots on the Google Earth interface.

DO NOT REMOVE!</description>
        <description xml:lang="es">Atributo interno utilizado por Collect Earth para comprobar si una parcela se ha evaluado completamente y no tiene problemas de validación.
Si el usuario empieza a llenar los datos de una parcela sin contestar completamente todas las preguntas este valor será FALSO (0)
Cuando el usuario completa los datos en Google Earth y finalmente hace clic en el botón Enviar, y si se pasan las reglas de validación de los atributos de las parcelas, este valor se convierte en VERDADERO (1) y el usuario ve una MARCA VERDE en la lista de parcelas en la interfaz de Google Earth.

¡NO QUITAR!</description>
        <description xml:lang="fr">Attribut interne utilisé par Collect Earth pour savoir si une parcelle a été entièrement évaluée et n'a pas de problèmes de validation.
Si l'utilisateur commence à remplir les données d'un tracé sans répondre complètement à toutes les questions, cette valeur sera FALSE (0)
Lorsque l'utilisateur renseigne les données sur Google Earth et clique enfin sur le bouton envoyer, et si les règles de validation des attributs des parcelles sont respectées, cette valeur devient TRUE (1) et l'utilisateur voit un COCHE VERT sur la liste des parcelles sur l'interface de Google Earth.

NE PAS ENLEVER!</description>
        <description xml:lang="pt">Atributo interno usado pelo Collect Earth para rastrear se um lote foi totalmente avaliado e não apresenta problemas de validação.
Caso o usuário comece a preencher os dados de uma parcela sem responder totalmente a todas as questões este valor será FALSO (0)
Quando o usuário preenche os dados no balão do Google Earth e finalmente clica no botão enviar, e se as regras de validação dos atributos das parcelas são aprovadas, esse valor se torna VERDADEIRO (1) e o usuário vê um TICK VERDE na lista de parcelas em a interface do Google Earth.

NÃO REMOVA!</description>
      </boolean>
      <date id="9" name="actively_saved_on" relevant="false()">
        <label type="instance">Plot - Last saved on</label>
        <label type="instance" xml:lang="es">Parcela - Guardada por ultima vez</label>
        <label type="instance" xml:lang="fr">Parcelle – Dernier enregistrement le</label>
        <label type="instance" xml:lang="pt">Parcela - Último salvo em</label>
        <description>Internal attribute used by Collect Earth to track the last time the plot data has been modified.

DO NOT REMOVE!</description>
        <description xml:lang="es">Atributo interno utilizado por Collect Earth para rastrear la última vez que se modificaron los datos de la parcela.

¡NO QUITAR!</description>
        <description xml:lang="pt">Atributo interno usado pelo Collect Earth para rastrear a última vez que os dados do gráfico foram modificados.

NÃO REMOVA!</description>
        <description xml:lang="fr">Attribut interne utilisé par Collect Earth pour suivre la dernière fois que les données du tracé ont été modifiées.

NE PAS ENLEVER!</description>
      </date>
      <text id="10" name="plot_file" relevant="false()" type="short">
        <label type="instance">Plot - CSV file that contains the plot</label>
        <label type="instance" xml:lang="es">Parcela - Archivo CSV que contiene al plot</label>
        <label type="instance" xml:lang="fr">Placette - Fichier CSV qui contient le point</label>
        <label type="instance" xml:lang="pt">Parcela - Fichier CSV contenant le tracé</label>
        <description>Internal attribute used by Collect Earth to track which CSV with the plot sampling-design contains this plots.
Usually there will be multiple CSV files, for instance in an assessment of Italy you will have CSV files that contains the plots to be assessed by region, Lazio.csv, Sicilia.csv and so on. This attribute will keep the name of the file.
This attribute is useful when it is required to re-visit a plot during data cleansing.

DO NOT REMOVE!</description>
        <description xml:lang="fr">Attribut interne utilisé par Collect Earth pour suivre quel CSV avec le plan d'échantillonnage de parcelle contient ces parcelles.
Habituellement, il y aura plusieurs fichiers CSV, par exemple dans une évaluation de l'Italie, vous aurez des fichiers CSV qui contiennent les parcelles à évaluer par région, Lazio.csv, Sicilia.csv et ainsi de suite. Cet attribut conservera le nom du fichier.
Cet attribut est utile lorsqu'il est nécessaire de revisiter une parcelle lors du nettoyage des données.

NE PAS ENLEVER!</description>
        <description xml:lang="pt">Atributo interno usado pelo Collect Earth para rastrear qual CSV com o desenho de amostragem de parcela contém essas parcelas.
Normalmente, haverá vários arquivos CSV, por exemplo, em uma avaliação da Itália, você terá arquivos CSV que contêm as parcelas a serem avaliadas por região, Lazio.csv, Sicilia.csv e assim por diante. Este atributo manterá o nome do arquivo.
Este atributo é útil quando é necessário visitar novamente um gráfico durante a limpeza de dados.

NÃO REMOVA!</description>
        <description xml:lang="es">Atributo interno utilizado por Collect Earth para rastrear qué CSV con el diseño de muestreo de parcelas contiene estas parcelas.
Por lo general, habrá varios archivos CSV, por ejemplo, en una evaluación de Italia, tendrá archivos CSV que contienen las parcelas que se evaluarán por región, Lazio.csv, Sicilia.csv, etc. Este atributo mantendrá el nombre del archivo.
Este atributo es útil cuando se requiere volver a visitar un gráfico durante la limpieza de datos.

¡NO QUITAR!</description>
      </text>
      <code id="1455" name="year1" ui:tab="plot_tab" ui:layoutType="radio" list="year">
        <label type="instance">Year</label>
      </code>
      <code id="1456" name="month1" relevant="idm:not-blank(year1)" required="true" ui:tab="plot_tab" ui:layoutType="radio" list="month">
        <label type="instance">Month</label>
      </code>
      <number id="1594" name="day1" relevant="idm:not-blank(year1)" required="true" ui:tab="plot_tab" type="integer">
        <label type="instance">Day of the month</label>
        <compare flag="error" lte="31" gt="0">
          <message>Day of the month must be between 1 and 31</message>
        </compare>
      </number>
      <code id="1637" name="day1_mc" relevant="idm:not-blank(year1) and year1 = 'PLACEHOLDER'" required="true" ui:tab="plot_tab" ui:layoutType="dropdown" list="day">
        <label type="instance">Day of the month</label>
      </code>
      <code id="1525" name="irrigation1" relevant="idm:not-blank(year1)" required="true" ui:tab="plot_tab" ui:layoutType="radio" list="certainty">
        <label type="instance">Is there any active irrigation (smallholder or commercial)?</label>
      </code>
      <code id="1527" name="uncertainty_reason1" relevant="(irrigation1 = '2' or irrigation1 = '3' or irrigation1 = '4') and irrigation1 = 'PLACEHOLDER'" required="true" ui:tab="plot_tab" ui:layoutType="radio" list="uncertainty_reason">
        <label type="instance">Why are you not sure? </label>
      </code>
      <code id="1531" name="year2" relevant="idm:not-blank(year1)" ui:tab="tab_1530" ui:layoutType="radio" list="year">
        <label type="instance">Year</label>
      </code>
      <code id="1532" name="month2" relevant="idm:not-blank(year2)" required="true" ui:tab="tab_1530" ui:layoutType="radio" list="month">
        <label type="instance">Month</label>
      </code>
      <number id="1595" name="day2" relevant="idm:not-blank(year2)" required="true" ui:tab="tab_1530" type="integer">
        <label type="instance">Day of the month</label>
        <compare flag="error" lte="31" gt="0">
          <message>Day of the month must be between 1 and 31</message>
        </compare>
      </number>
      <code id="1533" name="irrigation2" relevant="idm:not-blank(year2)" required="true" ui:tab="tab_1530" ui:layoutType="radio" list="certainty">
        <label type="instance">Is there any active irrigation (smallholder or commercial)?</label>
      </code>
      <code id="1534" name="uncertainty_reason2" relevant="(irrigation2 = '2' or irrigation2 = '3' or irrigation2 = '4') and irrigation1 = 'PLACEHOLDER'" required="true" ui:tab="tab_1530" list="uncertainty_reason">
        <label type="instance">Why are you not sure? </label>
      </code>
      <code id="1545" name="year3" relevant="idm:not-blank(year2)" ui:tab="tab_1536" list="year">
        <label type="instance">Year</label>
      </code>
      <code id="1546" name="month3" relevant="idm:not-blank(year3)" required="true" ui:tab="tab_1536" list="month">
        <label type="instance">Month</label>
      </code>
      <number id="1596" name="day3" relevant="idm:not-blank(year3)" required="true" ui:tab="tab_1536" type="integer">
        <label type="instance">Day of the month</label>
        <compare flag="error" lte="31" gt="0">
          <message>Day of the month must be between 1 and 31</message>
        </compare>
      </number>
      <code id="1547" name="irrigation3" relevant="idm:not-blank(year3)" required="true" ui:tab="tab_1536" list="certainty">
        <label type="instance">Is there any active irrigation (smallholder or commercial)?</label>
      </code>
      <code id="1548" name="uncertainty_reason3" relevant="(irrigation3 = '2' or irrigation3 = '3' or irrigation3 = '4') and irrigation1 = 'PLACEHOLDER'" required="true" ui:tab="tab_1536" list="uncertainty_reason">
        <label type="instance">Why are you not sure? </label>
      </code>
      <code id="1550" name="year4" relevant="idm:not-blank(year3)" ui:tab="tab_1537" list="year">
        <label type="instance">Year</label>
      </code>
      <code id="1551" name="month4" relevant="idm:not-blank(year4)" required="true" ui:tab="tab_1537" list="month">
        <label type="instance">Month</label>
      </code>
      <number id="1597" name="day4" relevant="idm:not-blank(year4)" required="true" ui:tab="tab_1537" type="integer">
        <label type="instance">Day of the month</label>
        <compare flag="error" lte="31" gt="0">
          <message>Day of the month must be between 1 and 31</message>
        </compare>
      </number>
      <code id="1552" name="irrigation4" relevant="idm:not-blank(year4)" required="true" ui:tab="tab_1537" list="certainty">
        <label type="instance">Is there any active irrigation (smallholder or commercial)?</label>
      </code>
      <code id="1553" name="uncertainty_reason4" relevant="(irrigation4 = '2' or irrigation4 = '3' or irrigation4 = '4') and irrigation1 = 'PLACEHOLDER'" required="true" ui:tab="tab_1537" list="uncertainty_reason">
        <label type="instance">Why are you not sure? </label>
      </code>
      <code id="1555" name="year5" relevant="idm:not-blank(year4)" ui:tab="tab_1538" list="year">
        <label type="instance">Year</label>
      </code>
      <code id="1556" name="month5" relevant="idm:not-blank(year5)" required="true" ui:tab="tab_1538" list="month">
        <label type="instance">Month</label>
      </code>
      <number id="1598" name="day5" relevant="idm:not-blank(year5)" required="true" ui:tab="tab_1538" type="integer">
        <label type="instance">Day of the month</label>
        <compare flag="error" lte="31" gt="0">
          <message>Day of the month must be between 1 and 31</message>
        </compare>
      </number>
      <code id="1557" name="irrigation5" relevant="idm:not-blank(year5)" required="true" ui:tab="tab_1538" list="certainty">
        <label type="instance">Is there any active irrigation (smallholder or commercial)?</label>
      </code>
      <code id="1558" name="uncertainty_reason5" relevant="(irrigation5 = '2' or irrigation5 = '3' or irrigation5 = '4') and irrigation1 = 'PLACEHOLDER'" required="true" ui:tab="tab_1538" list="uncertainty_reason">
        <label type="instance">Why are you not sure? </label>
      </code>
      <code id="1560" name="year6" relevant="idm:not-blank(year5)" ui:tab="tab_1540" list="year">
        <label type="instance">Year</label>
      </code>
      <code id="1561" name="month6" relevant="idm:not-blank(year6)" required="true" ui:tab="tab_1540" list="month">
        <label type="instance">Month</label>
      </code>
      <number id="1599" name="day6" relevant="idm:not-blank(year6)" required="true" ui:tab="tab_1540" type="integer">
        <label type="instance">Day of the month</label>
        <compare flag="error" lte="31" gt="0">
          <message>Day of the month must be between 1 and 31</message>
        </compare>
      </number>
      <code id="1562" name="irrigation6" relevant="idm:not-blank(year6)" required="true" ui:tab="tab_1540" list="certainty">
        <label type="instance">Is there any active irrigation (smallholder or commercial)?</label>
      </code>
      <code id="1563" name="uncertainty_reason6" relevant="(irrigation6 = '2' or irrigation6 = '3' or irrigation6 = '4') and irrigation1 = 'PLACEHOLDER'" required="true" ui:tab="tab_1540" list="uncertainty_reason">
        <label type="instance">Why are you not sure? </label>
      </code>
      <code id="1565" name="year7" relevant="idm:not-blank(year6)" ui:tab="tab_1541" list="year">
        <label type="instance">Year</label>
      </code>
      <code id="1566" name="month7" relevant="idm:not-blank(year7)" required="true" ui:tab="tab_1541" list="month">
        <label type="instance">Month</label>
      </code>
      <number id="1600" name="day7" relevant="idm:not-blank(year7)" required="true" ui:tab="tab_1541" type="integer">
        <label type="instance">Day of the month</label>
        <compare flag="error" lte="31" gt="0">
          <message>Day of the month must be between 1 and 31</message>
        </compare>
      </number>
      <code id="1567" name="irrigation7" relevant="idm:not-blank(year7)" required="true" ui:tab="tab_1541" list="certainty">
        <label type="instance">Is there any active irrigation (smallholder or commercial)?</label>
      </code>
      <code id="1568" name="uncertainty_reason7" relevant="(irrigation7 = '2' or irrigation7 = '3' or irrigation7 = '4') and irrigation1 = 'PLACEHOLDER'" required="true" ui:tab="tab_1541" list="uncertainty_reason">
        <label type="instance">Why are you not sure? </label>
      </code>
      <code id="1570" name="year8" relevant="idm:not-blank(year7)" ui:tab="tab_1542" list="year">
        <label type="instance">Year</label>
      </code>
      <code id="1571" name="month8" relevant="idm:not-blank(year8)" required="true" ui:tab="tab_1542" list="month">
        <label type="instance">Month</label>
      </code>
      <number id="1601" name="day8" relevant="idm:not-blank(year8)" required="true" ui:tab="tab_1542" type="integer">
        <label type="instance">Day of the month</label>
        <compare flag="error" lte="31" gt="0">
          <message>Day of the month must be between 1 and 31</message>
        </compare>
      </number>
      <code id="1572" name="irrigation8" relevant="idm:not-blank(year8)" required="true" ui:tab="tab_1542" list="certainty">
        <label type="instance">Is there any active irrigation (smallholder or commercial)?</label>
      </code>
      <code id="1573" name="uncertainty_reason8" relevant="(irrigation8 = '2' or irrigation8 = '3' or irrigation8 = '4') and irrigation1 = 'PLACEHOLDER'" required="true" ui:tab="tab_1542" list="uncertainty_reason">
        <label type="instance">Why are you not sure? </label>
      </code>
      <boolean id="1582" name="natural_dicoloration" relevant="idm:not-blank(year1)" required="true" ui:tab="plot_tab">
        <label type="instance">Wetland, steam/river bed, lake, reservoir, shallow groundwater, or other water source present?</label>
      </boolean>
      <code id="1584" name="year9" relevant="idm:not-blank(year8)" ui:tab="tab_1583" list="year">
        <label type="instance">Year</label>
      </code>
      <code id="1585" name="month9" relevant="idm:not-blank(year9)" required="true" ui:tab="tab_1583" list="month">
        <label type="instance">Month</label>
      </code>
      <number id="1602" name="day9" relevant="idm:not-blank(year9)" required="true" ui:tab="tab_1583" type="integer">
        <label type="instance">Day of the month</label>
        <compare flag="error" lte="31" gt="0">
          <message>Day of the month must be between 1 and 31</message>
        </compare>
      </number>
      <code id="1586" name="irrigation9" relevant="idm:not-blank(year9)" required="true" ui:tab="tab_1583" list="certainty">
        <label type="instance">Is there any active irrigation (smallholder or commercial)?</label>
      </code>
      <code id="1587" name="uncertainty_reason9" relevant="(irrigation9 = '2' or irrigation9 = '3' or irrigation9 = '4') and irrigation1 = 'PLACEHOLDER'" required="true" ui:tab="tab_1583" list="uncertainty_reason">
        <label type="instance">Why are you not sure? </label>
      </code>
      <code id="1590" name="year10" relevant="idm:not-blank(year9)" ui:tab="tab_1589" list="year">
        <label type="instance">Year</label>
      </code>
      <code id="1591" name="month10" relevant="idm:not-blank(year10)" required="true" ui:tab="tab_1589" list="month">
        <label type="instance">Month</label>
      </code>
      <number id="1603" name="day10" relevant="idm:not-blank(year10)" required="true" ui:tab="tab_1589" type="integer">
        <label type="instance">Day of the month</label>
        <compare flag="error" lte="31" gt="0">
          <message>Day of the month must be between 1 and 31</message>
        </compare>
      </number>
      <code id="1592" name="irrigation10" relevant="idm:not-blank(year10)" required="true" ui:tab="tab_1589" list="certainty">
        <label type="instance">Is there any active irrigation (smallholder or commercial)?</label>
      </code>
      <code id="1593" name="uncertainty_reason10" relevant="(irrigation10 = '2' or irrigation10 = '3' or irrigation10 = '4') and irrigation1 = 'PLACEHOLDER'" required="true" ui:tab="tab_1589" list="uncertainty_reason">
        <label type="instance">Why are you not sure? </label>
      </code>
    </entity>
  </schema>
</survey>