<?xml version='1.0' standalone='yes' ?>
<plot step="1" created="2025-06-05T13:01:18.382-07:00" modified="2025-06-05T13:07:44.349-07:00">
  <id>
    <value>id_5178132</value>
  </id>
  <location>
    <x>28.18646528135288</x>
    <y>-15.272452444140823</y>
    <srs>EPSG:4326</srs>
  </location>
  <operator />
  <actively_saved>
    <value>true</value>
  </actively_saved>
  <actively_saved_on>
    <year>2025</year>
    <month>6</month>
    <day>5</day>
  </actively_saved_on>
  <plot_file>
    <value>Zambia_0.05_n_750-774.csv</value>
  </plot_file>
  <year1>
    <code>2024</code>
  </year1>
  <month1>
    <code>7</code>
  </month1>
  <day1>
    <value>11</value>
  </day1>
  <day1_mc />
  <irrigation1>
    <code>1</code>
  </irrigation1>
  <uncertainty_reason1 />
  <year2>
    <code>2019</code>
  </year2>
  <month2>
    <code>6</code>
  </month2>
  <day2>
    <value>6</value>
  </day2>
  <irrigation2>
    <code>1</code>
  </irrigation2>
  <uncertainty_reason2 />
  <year3>
    <code>2018</code>
  </year3>
  <month3>
    <code>8</code>
  </month3>
  <day3>
    <value>18</value>
  </day3>
  <irrigation3>
    <code>1</code>
  </irrigation3>
  <uncertainty_reason3 />
  <year4>
    <code>2018</code>
  </year4>
  <month4>
    <code>7</code>
  </month4>
  <day4>
    <value>3</value>
  </day4>
  <irrigation4>
    <code>3</code>
  </irrigation4>
  <uncertainty_reason4 />
  <year5>
    <code>2017</code>
  </year5>
  <month5>
    <code>10</code>
  </month5>
  <day5>
    <value>20</value>
  </day5>
  <irrigation5>
    <code>1</code>
  </irrigation5>
  <uncertainty_reason5 />
  <year6>
    <code>2017</code>
  </year6>
  <month6>
    <code>8</code>
  </month6>
  <day6>
    <value>28</value>
  </day6>
  <irrigation6>
    <code>1</code>
  </irrigation6>
  <uncertainty_reason6 />
  <year7>
    <code>2016</code>
  </year7>
  <month7>
    <code>8</code>
  </month7>
  <day7>
    <value>12</value>
  </day7>
  <irrigation7>
    <code>1</code>
  </irrigation7>
  <uncertainty_reason7 />
  <year8>
    <code>2016</code>
  </year8>
  <month8>
    <code>7</code>
  </month8>
  <day8>
    <value>27</value>
  </day8>
  <irrigation8>
    <code>1</code>
  </irrigation8>
  <uncertainty_reason8 />
  <natural_dicoloration>
    <value>true</value>
  </natural_dicoloration>
  <year9 />
  <month9 />
  <day9 />
  <irrigation9 />
  <uncertainty_reason9 />
  <year10 />
  <month10 />
  <day10 />
  <irrigation10 />
  <uncertainty_reason10 />
</plot>