<?xml version='1.0' standalone='yes' ?>
<plot step="1" created="2025-04-19T15:32:38.465-07:00" modified="2025-04-29T15:20:19.583-07:00">
  <id>
    <value>id_3511469</value>
  </id>
  <location>
    <x>33.24314026470543</x>
    <y>-12.309666542306966</y>
    <srs>EPSG:4326</srs>
  </location>
  <operator />
  <actively_saved>
    <value>true</value>
  </actively_saved>
  <actively_saved_on>
    <year>2025</year>
    <month>4</month>
    <day>29</day>
  </actively_saved_on>
  <plot_file>
    <value>Zambia_0.05_n_101-125.csv</value>
  </plot_file>
  <year1>
    <code>2016</code>
  </year1>
  <month1>
    <code>6</code>
  </month1>
  <day1>
    <value>30</value>
  </day1>
  <day1_mc />
  <irrigation1>
    <code>1</code>
  </irrigation1>
  <uncertainty_reason1 />
  <year2>
    <code>2018</code>
  </year2>
  <month2>
    <code>6</code>
  </month2>
  <day2>
    <value>4</value>
  </day2>
  <irrigation2>
    <code>2</code>
  </irrigation2>
  <uncertainty_reason2 />
  <year3>
    <code>2019</code>
  </year3>
  <month3>
    <code>6</code>
  </month3>
  <day3>
    <value>14</value>
  </day3>
  <irrigation3>
    <code>4</code>
  </irrigation3>
  <uncertainty_reason3 />
  <year4>
    <code>2019</code>
  </year4>
  <month4>
    <code>6</code>
  </month4>
  <day4>
    <value>30</value>
  </day4>
  <irrigation4>
    <code>1</code>
  </irrigation4>
  <uncertainty_reason4 />
  <year5>
    <code>2019</code>
  </year5>
  <month5>
    <code>10</code>
  </month5>
  <day5>
    <value>18</value>
  </day5>
  <irrigation5>
    <code>4</code>
  </irrigation5>
  <uncertainty_reason5 />
  <year6>
    <code>2020</code>
  </year6>
  <month6>
    <code>8</code>
  </month6>
  <day6>
    <value>16</value>
  </day6>
  <irrigation6>
    <code>1</code>
  </irrigation6>
  <uncertainty_reason6 />
  <year7>
    <code>2021</code>
  </year7>
  <month7>
    <code>6</code>
  </month7>
  <day7>
    <value>5</value>
  </day7>
  <irrigation7>
    <code>1</code>
  </irrigation7>
  <uncertainty_reason7 />
  <year8>
    <code>2021</code>
  </year8>
  <month8>
    <code>6</code>
  </month8>
  <day8>
    <value>16</value>
  </day8>
  <irrigation8>
    <code>1</code>
  </irrigation8>
  <uncertainty_reason8 />
  <natural_dicoloration>
    <value>true</value>
  </natural_dicoloration>
  <year9>
    <code>2021</code>
  </year9>
  <month9>
    <code>6</code>
  </month9>
  <day9>
    <value>22</value>
  </day9>
  <irrigation9>
    <code>1</code>
  </irrigation9>
  <uncertainty_reason9 />
  <year10>
    <code>2022</code>
  </year10>
  <month10>
    <code>8</code>
  </month10>
  <day10>
    <value>19</value>
  </day10>
  <irrigation10>
    <code>1</code>
  </irrigation10>
  <uncertainty_reason10 />
</plot>