<?xml version='1.0' standalone='yes' ?>
<plot step="1" created="2025-06-02T14:29:28.837-07:00" modified="2025-06-02T14:34:40.299-07:00">
  <id>
    <value>id_5100388</value>
  </id>
  <location>
    <x>27.7408669435007</x>
    <y>-12.824183026220645</y>
    <srs>EPSG:4326</srs>
  </location>
  <operator />
  <actively_saved>
    <value>true</value>
  </actively_saved>
  <actively_saved_on>
    <year>2025</year>
    <month>6</month>
    <day>2</day>
  </actively_saved_on>
  <plot_file>
    <value>Zambia_0.05_n_1025-1049.csv</value>
  </plot_file>
  <year1>
    <code>2023</code>
  </year1>
  <month1>
    <code>7</code>
  </month1>
  <day1>
    <value>29</value>
  </day1>
  <day1_mc />
  <irrigation1>
    <code>1</code>
  </irrigation1>
  <uncertainty_reason1 />
  <year2>
    <code>2021</code>
  </year2>
  <month2>
    <code>10</code>
  </month2>
  <day2>
    <value>13</value>
  </day2>
  <irrigation2>
    <code>1</code>
  </irrigation2>
  <uncertainty_reason2 />
  <year3>
    <code>2017</code>
  </year3>
  <month3>
    <code>7</code>
  </month3>
  <day3>
    <value>17</value>
  </day3>
  <irrigation3>
    <code>1</code>
  </irrigation3>
  <uncertainty_reason3 />
  <year4>
    <code>2016</code>
  </year4>
  <month4>
    <code>8</code>
  </month4>
  <day4>
    <value>7</value>
  </day4>
  <irrigation4>
    <code>4</code>
  </irrigation4>
  <uncertainty_reason4 />
  <year5>
    <code>2023</code>
  </year5>
  <month5>
    <code>7</code>
  </month5>
  <day5>
    <value>29</value>
  </day5>
  <irrigation5>
    <code>4</code>
  </irrigation5>
  <uncertainty_reason5 />
  <year6 />
  <month6 />
  <day6 />
  <irrigation6 />
  <uncertainty_reason6 />
  <year7 />
  <month7 />
  <day7 />
  <irrigation7 />
  <uncertainty_reason7 />
  <year8 />
  <month8 />
  <day8 />
  <irrigation8 />
  <uncertainty_reason8 />
  <natural_dicoloration>
    <value>false</value>
  </natural_dicoloration>
  <year9 />
  <month9 />
  <day9 />
  <irrigation9 />
  <uncertainty_reason9 />
  <year10 />
  <month10 />
  <day10 />
  <irrigation10 />
  <uncertainty_reason10 />
</plot>