<?xml version='1.0' standalone='yes' ?>
<plot step="1" created="2025-04-27T13:29:19.618-07:00" modified="2025-04-27T13:32:12.191-07:00">
  <id>
    <value>id_5240491</value>
  </id>
  <location>
    <x>25.8367967155362</x>
    <y>-17.333367857757608</y>
    <srs>EPSG:4326</srs>
  </location>
  <operator>
    <value>Update</value>
  </operator>
  <actively_saved>
    <value>true</value>
  </actively_saved>
  <actively_saved_on>
    <year>2025</year>
    <month>4</month>
    <day>27</day>
  </actively_saved_on>
  <plot_file>
    <value>Zambia_0.05_n_275-299.csv</value>
  </plot_file>
  <year1>
    <code>2016</code>
  </year1>
  <month1>
    <code>8</code>
  </month1>
  <day1>
    <value>2</value>
  </day1>
  <day1_mc />
  <irrigation1>
    <code>1</code>
  </irrigation1>
  <uncertainty_reason1 />
  <year2>
    <code>2017</code>
  </year2>
  <month2>
    <code>6</code>
  </month2>
  <day2>
    <value>16</value>
  </day2>
  <irrigation2>
    <code>1</code>
  </irrigation2>
  <uncertainty_reason2 />
  <year3>
    <code>2017</code>
  </year3>
  <month3>
    <code>8</code>
  </month3>
  <day3>
    <value>31</value>
  </day3>
  <irrigation3>
    <code>1</code>
  </irrigation3>
  <uncertainty_reason3 />
  <year4>
    <code>2019</code>
  </year4>
  <month4>
    <code>8</code>
  </month4>
  <day4>
    <value>9</value>
  </day4>
  <irrigation4>
    <code>1</code>
  </irrigation4>
  <uncertainty_reason4 />
  <year5>
    <code>2021</code>
  </year5>
  <month5>
    <code>9</code>
  </month5>
  <day5>
    <value>2</value>
  </day5>
  <irrigation5>
    <code>1</code>
  </irrigation5>
  <uncertainty_reason5 />
  <year6>
    <code>2023</code>
  </year6>
  <month6>
    <code>8</code>
  </month6>
  <day6>
    <value>8</value>
  </day6>
  <irrigation6>
    <code>1</code>
  </irrigation6>
  <uncertainty_reason6 />
  <year7 />
  <month7 />
  <day7 />
  <irrigation7 />
  <uncertainty_reason7 />
  <year8 />
  <month8 />
  <day8 />
  <irrigation8 />
  <uncertainty_reason8 />
  <natural_dicoloration>
    <value>false</value>
  </natural_dicoloration>
  <year9 />
  <month9 />
  <day9 />
  <irrigation9 />
  <uncertainty_reason9 />
  <year10 />
  <month10 />
  <day10 />
  <irrigation10 />
  <uncertainty_reason10 />
</plot>